피터팻츠,애견카페,경기,경기 고양시 덕양구 대주로 358-78,(지번) 주교동 1309,http://blog.naver.com/peterpets,070-4242-6061
네이처독,애견카페,경기,경기 양주시 장흥면 호국로550번길 107,(지번) 장흥면 울대리 420-2,http://www.naturedog.co.kr/,031-877-5113
카페히릿,애견카페,서울,서울 광진구 광나루로 404 3층,(지번) 화양동 111-72,http://blog.naver.com/cafe_hirit,070-8870-4442
그라운독,애견카페,경기,경기 남양주시 진접읍 금강로1633번길 81-3,(지번) 진접읍 장현리 148-9,http://www.instagram.com/groun_dog,0507-1315-9673
개들의수다,애견카페,경기,경기 김포시 고촌읍 은행영사정로51번길 42 1층,(지번) 고촌읍 신곡리 394-1,#none,031-989-4518
더귀여워,애견카페,서울,서울 마포구 와우산로17길 15 서교동빌딩 5층,(지번) 서교동 409-1,https://www.instagram.com/skypillar5784,
오도독,애견카페,경기,경기 동두천시 삼육사로 1324-25,(지번) 탑동동 830-2,http://www.ohdodok.com,031-866-5999
혼자두면 장판뜯어서차린 개카페,애견카페,서울,서울 관악구 남부순환로 1665 3층,(지번) 봉천동 959-2,http://cafe.naver.com/lonelydog,02-887-3058
카페더왈츠,애견카페,서울,서울 강남구 역삼로 134 MS빌딩 1층,(지번) 역삼동 834-8,#none,02-564-0927
펖파크,애견카페,경기,경기 하남시 서하남로 23,(지번) 감북동 451-13,http://www.instagram.com/pup_park,02-6012-5454
인천개공원,애견카페,인천,인천 남동구 무네미로 201-15,(지번) 장수동 452-1,http://blog.naver.com/ms840812,032-461-6021
25디셈브리스,애견카페,경남,경남 양산시 동면 웅상대로 171-19 1층,(지번) 동면 법기리 1008-1,#none,
코코밸리,애견카페,경기,경기 광주시 남한산성면 남한산성로 259,(지번) 남한산성면 오전리 364-1,http://cocovalley.co.kr,031-749-1209
우프우프 영종점,애견카페,인천,인천 중구 하늘달빛로64번길 6-3 스카이메디컬프라자 4층 401호,(지번) 중산동 1874-8,https://instagram.com/woofwoof_dogcafe,0507-1409-8588
루체인알티스,애견카페,경기,경기 안양시 만안구 태평로60번길 42 센트럴타워 508호,(지번) 안양동 1390-4,#none,010-2676-2081
구름뜬하늘,애견카페,서울,서울 마포구 와우산로27길 21 2층,(지번) 서교동 339-5,https://www.instagram.com/youngsoo0319/,02-3144-4978
푼타하우스,애견카페,경기,경기 하남시 서하남로451번길 13-66,(지번) 춘궁동 294-1,https://www.instagram.com/puntahouse,010-7435-0409
아루스,애견카페,경기,경기 화성시 매송면 화성로 2298-8,(지번) 매송면 원평리 264-2,https://www.instagram.com/arus0510/,
개떼놀이터 용인점,애견카페,경기,경기 용인시 기흥구 용구대로2335번길 47,(지번) 마북동 494-1,http://www.Instagram.com/mydog_yongin,031-282-2355
애니멀고파크,애견카페,서울,서울 강남구 삼성로120길 36 1층,(지번) 삼성동 60-24,https://animalgo.io/,02-6204-5960
흐노니,애견카페,인천,인천 강화군 길상면 해안남로 328-7 1층,(지번) 길상면 장흥리 275-20,https://blog.naver.com/momodzip,070-4159-4029
비숲,애견카페,경기,경기 군포시 둔대로 28,(지번) 둔대동 423-28,http://blog.naver.com/visoop,031-438-2191
겨울이머무는집,애견카페,서울,서울 마포구 와우산로17길 19-5,(지번) 서교동 409-18,https://www.instagram.com/hyeonsu1215/,010-7530-9151
카페아웃팅,애견카페,경기,경기 가평군 상면 수목원로 135 1층,(지번) 상면 행현리 369-2,http://www.cafeouting.com,0507-1431-2369
도그맥스,애견카페,경기,경기 남양주시 와부읍 석실로율석길 108-13,(지번) 와부읍 율석리 242-1,#none,031-521-5311
카카오독애견카페 목동점,애견카페,서울,서울 강서구 곰달래로60길 33,(지번) 화곡동 782-11,http://blog.naver.com/biber7770,02-2652-6727
봉브라더스,애견카페,서울,서울 강남구 강남대로118길 39 2층,(지번) 논현동 181-12,https://blog.naver.com/ekfqhd81,02-548-0888
다남숲멍빌리지,애견카페,인천,인천 계양구 역골로43번길 7-4,(지번) 다남동 114-25,https://blog.naver.com/coolhy1029,010-2703-6773
포니테일,애견카페,서울,서울 마포구 광성로6길 36 1층,(지번) 신수동 85-16,http://pawnytail.com,070-8854-3339
카페몽몽,애견카페,경기,경기 김포시 김포한강9로75번길 102 지오파크 4층 405호,(지번) 구래동 6881-10,https://www.instagram.com/cafe_mongmong,031-981-1584
강아지똥,애견카페,서울,서울 강남구 논현로115길 71 2층,(지번) 논현동 170,https://www.instagram.com/doggypoo_,02-549-3595
카페마리,애견카페,경기,경기 광주시 곤지암읍 광여로 300-85,(지번) 곤지암읍 오향리 21-8,https://www.instagram.com/_xafe_mari/,010-8251-8161
독스아웃,애견카페,경기,경기 남양주시 화도읍 북한강로 1542-1 1층,(지번) 화도읍 금남리 171-1,https://www.instagram.com/dogsout_cafe/,031-591-0900
개구쟁이,애견카페,광주,광주 북구 석곡로529번길 1-21,(지번) 망월동 822-2,https://www.instagram.com/gagujange/,062-261-2220
두젠틀,애견카페,서울,서울 동작구 상도로 217-4 한울빌딩 지하1층,(지번) 상도동 26-27,https://dogentle.modoo.at,02-6014-2120
견생역전,애견카페,경기,경기 김포시 양촌읍 김포대로1750번길 29,(지번) 양촌읍 누산리 624-1,https://www.instagram.com/doglife_gimpo/,
애견카페왈,애견카페,경기,경기 수원시 권선구 곡선로50번길 5-3 4층,(지번) 곡반정동 563-1,http://cafewal.smpon.kr/,031-239-4856
반려문화,애견카페,서울,서울 강남구 언주로133길 23,(지번) 논현동 85-13,https://banstory.modoo.at,02-2088-3375
피터펫애견카페 부산본점,애견카페,부산,부산 기장군 기장읍 내리1길 13,(지번) 기장읍 내리 346-5,http://www.peterpetcafe.com/,051-727-3342
안녕아가,애견카페,경기,경기 고양시 일산동구 호수로 336 브라운스톤오피스텔 1층 131호,(지번) 백석동 1330,https://www.facebook.com/hellobaby87,070-8872-5248
도기온,애견카페,경북,경북 경산시 하양읍 대경로 117,(지번) 하양읍 청천리 550,https://www.instagram.com/doggy_on_official/,
써니네,애견카페,서울,서울 마포구 양화로18안길 16 3층,(지번) 동교동 169-29,http://blog.naver.com/sunnynedog,02-334-3712
우프우프,애견카페,경기,경기 고양시 덕양구 화신로260번길 51 5층,(지번) 화정동 978,http://blog.naver.com/cafewoofwoof,031-979-3585
아이러브퍼피 양산점,애견카페,경남,경남 양산시 물금읍 야리로 118 우성프라자 603호,(지번) 물금읍 가촌리 1293-1,http://blog.naver.com/meeee33,055-366-1666
카페댕,애견카페,충남,충남 공주시 반포면 왕흥장악로 865,(지번) 반포면 마암리 588-7,https://www.instagram.com/cafedaeng.official/,
몽펍피,애견카페,대구,대구 남구 명덕로18길 127 1층,(지번) 대명동 2239-12,https://www.instagram.com/mon_pub.ppy,053-627-3434
도그존,애견카페,서울,서울 송파구 올림픽로12길 28,(지번) 잠실동 204-8,#none,070-7720-0427
바로나도 수원영통점,애견카페,경기,경기 수원시 영통구 청명로21번길 16 세원빌딩 5층,(지번) 영통동 1029-9,https://www.instagram.com/baronadosw,031-213-1080
멍프리,애견카페,경남,경남 김해시 한림면 한림로343번길 47-199,(지번) 한림면 장방리 277-4,https://www.instagram.com/mungfree/,
개프탑라운지,애견카페,충북,충북 청주시 흥덕구 송화로 156 5층,(지번) 송절동 694,#none,043-900-0733
뽀독 소사점,애견카페,경기,경기 부천시 소삼로 47-1 소사역푸르지오 상가125호,(지번) 소사본동 133-12,http://blog.naver.com/xoxonly,032-346-0988
위드독애견카페,애견카페,경기,경기 안양시 만안구 예술공원로 196 2층,(지번) 안양동 1361,http://0314738114.tshome.co.kr/,031-473-8114
개리비안비치,애견카페,경남,경남 김해시 대동면 대동로 536-19 A동,(지번) 대동면 초정리 346-5,http://0553397486.tshome.co.kr/,055-339-7486
스타독스,애견카페,경기,경기 파주시 탄현면 국화향길 10-40,(지번) 탄현면 법흥리 227-12,http://cafe.daum.net/hunemala/,
봉봉,애견카페,경기,경기 남양주시 와부읍 수레로116번길 38 1층,(지번) 와부읍 덕소리 87-4,https://www.instagram.com/bongbong_cafe/,031-577-7373
꾸꾸뚜뚜,애견카페,경기,경기 고양시 덕양구 충장로350번길 82 1층,(지번) 성사동 132-6,https://www.instagram.com/coucou_toutou_,070-4045-8851
몽그라운드카페,애견카페,대전,대전 중구 어덕마을로 42-5,(지번) 목동 72-2,#none,0507-1304-7465
독플래닛,애견카페,경기,경기 의정부시 입석로 73 1~3층,(지번) 가능동 427-4,https://www.instagram.com/dogplanet_official/,010-8825-1593
똥강아지,애견카페,경기,경기 부천시 석천로169번길 34 파크리움 301호,(지번) 중동 1167-3,http://www.instagram.com/dogcafe_puppydung,
도그민,애견카페,부산,부산 수영구 광안해변로 239 샤인빌딩 6층,(지번) 민락동 179-1,https://www.instagram.com/dogmin4686/,
보키네강아지,애견카페,대구,대구 달서구 조암로6길 6-34 명품빌딩 6층,(지번) 월성동 1814,http://blog.naver.com/loveboki01,053-644-9557
아이러브퍼피 김포본점,애견카페,경기,경기 김포시 김포한강11로 398,(지번) 운양동 1289-1,https://www.instagram.com/play__ilovepuppy/,031-985-7650
지디파크,애견카페,서울,서울 강서구 양천로27길 167 SH빌딩,(지번) 방화동 120,http://instagram.com/gd__park,02-2663-9003
몽드드뚜뚜,애견카페,경기,경기 포천시 가산면 시우동2길 124,(지번) 가산면 가산리 161-10,https://www.facebook.com/몽드드뚜뚜-Monde_De_Toutou-658158741297687/,0507-1347-0207
판갤러리,애견카페,전북,전북 전주시 덕진구 신복로 34-20 1층,(지번) 팔복동1가 197-15,http://www.instagram.com/pann_gallery_,063-211-8131
딩고,애견카페,경기,경기 수원시 영통구 태장로54번길 166,(지번) 망포동 599-1,http://www.instagram.com/dogcafedingo,070-4242-5959
개판5분전,애견카페,부산,부산 금정구 노포사송로 96,(지번) 노포동 626-4,http://blog.naver.com/hsl9325,
땡스폴애견카페,애견카페,경기,경기 광주시 오포읍 태재로 133,(지번) 오포읍 능평리 433,https://www.instagram.com/THANKS.PAUL/,031-726-2464
알로하DD,애견카페,경기,경기 화성시 비봉면 남이로 255,(지번) 비봉면 유포리 270,http://www.instagram.com/alohadd_255,031-357-5781
펫스토리카페,애견카페,경기,경기 평택시 고덕면 고덕북로 268,(지번) 고덕면 두릉리 296-6,https://www.instagram.com/petstorycafe/,
리블링코코,애견카페,경기,경기 남양주시 별내면 송산로 519-7 1층,(지번) 별내면 광전리 329-17,https://www.instagram.com/liebling_coco/,031-527-2053
브래댄트릿츠 댕댕이라운지,애견카페,경기,경기 수원시 영통구 센트럴파크로127번길 154,(지번) 이의동 1319-10,https://www.instagram.com/bread_n_treats/,070-4110-6789
놀개나개,애견카페,인천,인천 중구 운중로14번길 28,(지번) 운남동 412-2,#none,032-752-9944
독타곤,애견카페,전북,전북 전주시 완산구 홍산중앙로 37 H열애빌딩 7층,(지번) 효자동3가 1535-3,#none,063-226-1128
애코랜드,애견카페,부산,부산 해운대구 구남로12번길 16,(지번) 우동 540-14,#none,051-731-3359
보키네강아지,애견카페,대구,대구 달서구 조암로6길 6-34 명품빌딩 6층,(지번) 월성동 1814,http://blog.naver.com/loveboki01,053-644-9557
아이러브퍼피 김포본점,애견카페,경기,경기 김포시 김포한강11로 398,(지번) 운양동 1289-1,https://www.instagram.com/play__ilovepuppy/,031-985-7650
지디파크,애견카페,서울,서울 강서구 양천로27길 167 SH빌딩,(지번) 방화동 120,http://instagram.com/gd__park,02-2663-9003
몽드드뚜뚜,애견카페,경기,경기 포천시 가산면 시우동2길 124,(지번) 가산면 가산리 161-10,https://www.facebook.com/몽드드뚜뚜-Monde_De_Toutou-658158741297687/,0507-1347-0207
판갤러리,애견카페,전북,전북 전주시 덕진구 신복로 34-20 1층,(지번) 팔복동1가 197-15,http://www.instagram.com/pann_gallery_,063-211-8131
딩고,애견카페,경기,경기 수원시 영통구 태장로54번길 166,(지번) 망포동 599-1,http://www.instagram.com/dogcafedingo,070-4242-5959
개판5분전,애견카페,부산,부산 금정구 노포사송로 96,(지번) 노포동 626-4,http://blog.naver.com/hsl9325,
땡스폴애견카페,애견카페,경기,경기 광주시 오포읍 태재로 133,(지번) 오포읍 능평리 433,https://www.instagram.com/THANKS.PAUL/,031-726-2464
알로하DD,애견카페,경기,경기 화성시 비봉면 남이로 255,(지번) 비봉면 유포리 270,http://www.instagram.com/alohadd_255,031-357-5781
펫스토리카페,애견카페,경기,경기 평택시 고덕면 고덕북로 268,(지번) 고덕면 두릉리 296-6,https://www.instagram.com/petstorycafe/,
리블링코코,애견카페,경기,경기 남양주시 별내면 송산로 519-7 1층,(지번) 별내면 광전리 329-17,https://www.instagram.com/liebling_coco/,031-527-2053
브래댄트릿츠 댕댕이라운지,애견카페,경기,경기 수원시 영통구 센트럴파크로127번길 154,(지번) 이의동 1319-10,https://www.instagram.com/bread_n_treats/,070-4110-6789
놀개나개,애견카페,인천,인천 중구 운중로14번길 28,(지번) 운남동 412-2,#none,032-752-9944
독타곤,애견카페,전북,전북 전주시 완산구 홍산중앙로 37 H열애빌딩 7층,(지번) 효자동3가 1535-3,#none,063-226-1128
애코랜드,애견카페,부산,부산 해운대구 구남로12번길 16,(지번) 우동 540-14,#none,051-731-3359
언니네애견카페,애견카페,경기,경기 수원시 영통구 동수원로 542-49 1층,(지번) 원천동 614-2,https://www.instagram.com/unnine_pet.cafe/,031-215-7271
돌봄애견카페,애견카페,대전,대전 서구 관저중로64번길 58 크레도빌딩 2층,(지번) 관저동 1536,https://www.instagram.com/dolbom_gwanjeo/,042-542-7515
카페댕스,애견카페,경기,"경기 용인시 수지구 성복2로301번길 5 1,2층",(지번) 성복동 523-1,https://www.instagram.com/cafe.thanks_/,
퍼니하우스,애견카페,전남,전남 담양군 금성면 금성산성길 280,(지번) 금성면 대성리 30-1,#none,061-381-8888
도그어바웃,애견카페,부산,부산 사하구 다대로 680 3층,(지번) 다대동 1552-11,https://www.instagram.com/dogabout/,051-261-5507
미스터토리,애견카페,서울,서울 영등포구 도신로 85 3층,(지번) 도림동 151-2,http://blog.naver.com/mr_tory,070-7779-8228
동건S애견카페,애견카페,서울,서울 서초구 방배중앙로 157,(지번) 방배동 778-20,#none,02-533-8146
퍼펫,애견카페,제주특별자치도,제주특별자치도 제주시 중앙로 204,(지번) 이도일동 1774-19,https://www.instagram.com/perpetjeju/,064-702-2310
플러피펍,애견카페,경기,경기 여주시 흥천면 문바실길 109,(지번) 흥천면 문장리 423-2,https://www.instagram.com/fluffypup_3,
개떼놀이터 천안아산점,애견카페,충남,충남 아산시 배방읍 배방산길 185,(지번) 배방읍 공수리 410,https://www.instagram.com/mydog_cheonan,041-549-2750
내일더사랑해,애견카페,인천,인천 남동구 선수촌공원로23번길 6-17 메이채프라자 5층,(지번) 구월동 1538-2,https://www.instagram.com/nnnae_sarang/,
모어스테이,애견카페,부산,부산 금정구 오시게로 44 2층,(지번) 부곡동 391-27,https://www.instagram.com/morestaycafe_/,051-728-3012
독특하개,애견카페,서울,서울 관악구 신림동길 23-1 2층,(지번) 신림동 1438-13,http://cafe.naver.com/unique6dogs,070-7655-4550
컴페니언,애견카페,경북,경북 칠곡군 왜관읍 아곡5길 67,(지번) 왜관읍 매원리 530-1,https://www.instagram.com/companion_pet_hotel/,010-9228-3165
카페제이독,애견카페,경기,경기 평택시 구룡길 78-13,(지번) 용이동 126-9,#none,031-654-0690
꽃분이네애견카페,애견카페,충남,충남 천안시 동남구 통정4로 22-25 3층,(지번) 신방동 1550,#none,070-8841-6984
뭉스벨리,애견카페,서울,서울 강동구 천호대로 1045 3층,(지번) 천호동 452,https://www.instagram.com/moongs_valley/,010-2900-8412
플레이어스,애견카페,경기,경기 화성시 노작로1길 35-1 1층,(지번) 반송동 123-2,https://www.instagram.com/players_pet_cafe/,070-8968-8860
로즈마리,애견카페,광주,광주 서구 시청로 71 상무리채1 1층 101호,(지번) 치평동 1218,#none,062-400-1218
쥬쥬펫,애견카페,서울,서울 서대문구 증가로 13-9 2층,(지번) 연희동 133-30,https://blog.naver.com/soyeon3168,02-6216-0028
바로나도 송도점,애견카페,인천,인천 연수구 송도과학로16번길 33-2 트리플스트리트 B동 3층,(지번) 송도동 174-3,http://www.instagram.com/baronadosd,032-310-9828
늘푸른초원,애견카페,경기,경기 남양주시 수동면 지둔로 69,(지번) 수동면 운수리 223,http://namyangcafe.com,031-593-5993
카페두유,애견카페,경기,경기 수원시 권선구 금곡로196번길 68,(지번) 금곡동 1124-2,http://blog.naver.com/yee0801,031-297-3465
동몽식탁,애견카페,광주,광주 북구 양일1로 50 1층 108호,(지번) 연제동 217,https://www.dongmongtable.com/,070-8801-2078
멍그라운드,애견카페,경기,경기 수원시 팔달구 경수대로 424-1 6층,(지번) 인계동 1015-1,http://instagram.com/mung_ground_,
독썸플래이스,애견카페,경기,경기 화성시 중리북길 39,(지번) 중동 37,https://www.instagram.com/dogsomeplace_official/,
화이트클라우드,애견카페,강원,강원 원주시 판부면 백운정윗길 27,(지번) 판부면 서곡리 1375-1,https://www.instagram.com/white.cloud.wonju/,033-765-0999
차르도르&펫살롱,애견카페,서울,서울 관악구 보라매로 17 지하1층,(지번) 봉천동 702-102,#none,02-875-1999
러브독,애견카페,인천,인천 강화군 내가면 강화서로 48,(지번) 내가면 외포리 473-1,http://www.lovedogschool.com,010-2495-3022
카페어질리티,애견카페,서울,서울 강동구 양재대로 1355 2층,(지번) 성내동 428-5,http://www.instagram.com/cafe_agility,010-5414-1355
펫톡 부평문화점,애견카페,인천,인천 부평구 부평문화로 70-2 3층,(지번) 부평동 201-31,#none,070-7767-6021
입양뜰,애견카페,서울,서울 관악구 난우2길 9 은연재 2층,(지번) 신림동 613-13,https://www.instagram.com/hdsppl,
덕수네애견 동성로직영점,애견카페,대구,대구 중구 동성로5길 50,(지번) 삼덕동1가 17-16,#none,053-252-2956
개버랜드,애견카페,경기,경기 용인시 처인구 중부대로1673번길 18,(지번) 마평동 457-1,http://gaeverland.modoo.at,010-4945-4249
푸댕,애견카페,대구,대구 수성구 지범로 11,(지번) 두산동 954-85,https://www.instagram.com/foodeng_/,053-286-0307
그루밍,애견카페,충북,충북 청주시 상당구 영운천로 165 2층,(지번) 용정동 779,http://blog.naver.com/rkddud0316,043-295-3377
멍멍벅스,애견카페,서울,서울 마포구 잔다리로6길 28-1,(지번) 서교동 366-29,https://www.instagram.com/m.m.bucks/,070-4512-3435
카페니니니,애견카페,충남,충남 아산시 배방읍 세교안길 14,(지번) 배방읍 세교리 594,http://instagram.com/cafe_ninini,0507-1338-3725
도그하우스,애견카페,대전,대전 중구 동서대로 1369 1층,(지번) 목동 116-32,http://blog.naver.com/dlwjdghk104,042-222-6743
카페비앤비,애견카페,경기,경기 용인시 기흥구 탑실로 34,(지번) 공세동 734-4,https://cafebnb.modoo.at,031-285-0932
파라다이스독,애견카페,경기,경기 안성시 공도읍 대신두길 28,(지번) 공도읍 신두리 451,http://www.nhasfarmland.com,031-8053-7988
왓더독,애견카페,서울,서울 강서구 양천로 344 마곡센트럴대방디엠시티오피스텔 B동 2층 219호,(지번) 마곡동 727-102,https://blog.naver.com/wtdok2018,02-3664-0219
도그원애견카페,애견카페,서울,서울 은평구 연서로29길 25 2층,(지번) 갈현동 452-1,http://blog.naver.com/cafedog1,02-357-1591
봉봉애견카페,애견카페,인천,인천 미추홀구 경인로 25,(지번) 숭의동 160-42,#none,032-881-8259
어몽더독,애견카페,경기,경기 용인시 처인구 백암면 근곡로107번길 29,(지번) 백암면 가좌리 183-1,https://www.instagram.com/among.the.dog/,070-7543-3812
멍포레스트,애견카페,제주특별자치도,제주특별자치도 제주시 애월읍 평화로 2157,(지번) 애월읍 소길리 155-97,#none,070-8900-5450
모찌네호캉스,애견카페,경기,경기 성남시 중원구 산성대로 202 한얼빌딩 4층 401호,(지번) 성남동 2147,https://blog.naver.com/mozzine0574,
퍼피80,애견카페,대구,대구 동구 서촌로7길 7-3,(지번) 덕곡동 715-11,https://instagram.com/bbong__99,010-8823-2636
멍리버,애견카페,대구,대구 달성군 현풍읍 현풍서로71길 3,(지번) 현풍읍 오산리 636-1,#none,053-616-6591
발넷이야,애견카페,대구,대구 달성군 가창면 가창로176길 33,(지번) 가창면 냉천리 2-29,http://www.balnesia.co.kr/,053-761-7979
멍멍멍,애견카페,서울,서울 송파구 양재대로62길 8 금강빌딩 2층,(지번) 가락동 93,https://cafe.naver.com/littlemungmung,02-443-8788
캣독,애견카페,대구,"대구 중구 동성로5길 10 3층, 4층",(지번) 동성로3가 120-16,#none,070-7757-4445
할리우독,애견카페,경기,경기 의정부시 호국로 932 1층,(지번) 가능동 596-56,https://blog.naver.com/hollywoo_dog,010-2416-0770
썸바디독스,애견카페,경기,경기 파주시 운정로 65,(지번) 상지석동 995-9,https://www.instagram.com/somebody_dogs/,010-2493-2492
DDD애견카페,애견카페,경기,경기 성남시 수정구 위례광장로 328,(지번) 창곡동 126-1,https://www.instagram.com/ddd_petcafe/,031-756-1616
헤이독 대전점,애견카페,대전,대전 중구 대흥로157번길 48 3층,(지번) 대흥동 147-9,http://www.instagram.com/tozheydogseo,042-226-7380
도니바니애견카페,애견카페,서울,서울 노원구 상계로 71-1 2층,(지번) 상계동 595,#none,02-933-1456
몽스홀릭,애견카페,경남,경남 창원시 성산구 용지로113번길 1 2층,(지번) 중앙동 84-5,https://www.facebook.com/mongsholic,055-263-0926
개랑놀아주는남자,애견카페,서울,서울 서초구 사평대로56길 4 지하1층,(지번) 서초동 1302-50,https://blog.naver.com/ssos303,02-3481-8080
우주꼬맹이,애견카페,경기,경기 고양시 덕양구 행주산성로 108 1층,(지번) 행주외동 88-3,http://instagram.com/woo_kko_dog,010-3778-4879
멍포레스트,애견카페,제주특별자치도,제주특별자치도 제주시 애월읍 평화로 2157,(지번) 애월읍 소길리 155-97,#none,070-8900-5450
모찌네호캉스,애견카페,경기,경기 성남시 중원구 산성대로 202 한얼빌딩 4층 401호,(지번) 성남동 2147,https://blog.naver.com/mozzine0574,
퍼피80,애견카페,대구,대구 동구 서촌로7길 7-3,(지번) 덕곡동 715-11,https://instagram.com/bbong__99,010-8823-2636
멍리버,애견카페,대구,대구 달성군 현풍읍 현풍서로71길 3,(지번) 현풍읍 오산리 636-1,#none,053-616-6591
발넷이야,애견카페,대구,대구 달성군 가창면 가창로176길 33,(지번) 가창면 냉천리 2-29,http://www.balnesia.co.kr/,053-761-7979
멍멍멍,애견카페,서울,서울 송파구 양재대로62길 8 금강빌딩 2층,(지번) 가락동 93,https://cafe.naver.com/littlemungmung,02-443-8788
캣독,애견카페,대구,"대구 중구 동성로5길 10 3층, 4층",(지번) 동성로3가 120-16,#none,070-7757-4445
할리우독,애견카페,경기,경기 의정부시 호국로 932 1층,(지번) 가능동 596-56,https://blog.naver.com/hollywoo_dog,010-2416-0770
썸바디독스,애견카페,경기,경기 파주시 운정로 65,(지번) 상지석동 995-9,https://www.instagram.com/somebody_dogs/,010-2493-2492
DDD애견카페,애견카페,경기,경기 성남시 수정구 위례광장로 328,(지번) 창곡동 126-1,https://www.instagram.com/ddd_petcafe/,031-756-1616
헤이독 대전점,애견카페,대전,대전 중구 대흥로157번길 48 3층,(지번) 대흥동 147-9,http://www.instagram.com/tozheydogseo,042-226-7380
도니바니애견카페,애견카페,서울,서울 노원구 상계로 71-1 2층,(지번) 상계동 595,#none,02-933-1456
몽스홀릭,애견카페,경남,경남 창원시 성산구 용지로113번길 1 2층,(지번) 중앙동 84-5,https://www.facebook.com/mongsholic,055-263-0926
개랑놀아주는남자,애견카페,서울,서울 서초구 사평대로56길 4 지하1층,(지번) 서초동 1302-50,https://blog.naver.com/ssos303,02-3481-8080
우주꼬맹이,애견카페,경기,경기 고양시 덕양구 행주산성로 108 1층,(지번) 행주외동 88-3,http://instagram.com/woo_kko_dog,010-3778-4879
루프앤독,애견카페,경기,경기 안산시 상록구 중보로 23,(지번) 이동 718-4,#none,031-418-2923
러블리독,애견카페,인천,인천 계양구 장제로 731 2층,(지번) 작전동 898-3,#none,032-553-4357
티파니가든,애견카페,경기,경기 광주시 오포읍 보뚱치길 25,(지번) 오포읍 문형리 586-9,https://www.instagram.com/tiffany_garden__/,070-4647-4504
도그런,애견카페,경기,경기 광주시 오포읍 새말길 214-3,(지번) 오포읍 신현리 466,https://www.instagram.com/dogrun_official,031-726-0929
포포앤미루 강동점,애견카페,서울,서울 강동구 양재대로89가길 30 키키빌딩 3층,(지번) 성내동 439-10,http://blog.naver.com/popomiru8825,02-471-8825
홍대동물원,애견카페,서울,서울 마포구 홍익로 15 3층,(지번) 서교동 358-104,#none,02-336-4672
루프독1027,애견카페,서울,서울 노원구 동일로 1027 5층,(지번) 공릉동 576-24,https://www.instagram.com/roofdog1027/,010-3764-1024
커피앤퍼피,애견카페,경기,경기 의정부시 오목로225번길 24-12,(지번) 민락동 823,http://blog.naver.com/coffee-puppy,031-851-2224
오시개,애견카페,경기,경기 의정부시 시민로121번길 54,(지번) 의정부동 158-7,https://www.instagram.com/osigae/,070-7543-9104
퍼피킹덤,애견카페,경기,경기 양주시 화합로1597번길 157 1층,(지번) 회암동 616,https://www.instagram.com/puppy_kingdom_1101,010-9393-8610
더공생,애견카페,경기,경기 고양시 일산서구 탄중로 111,(지번) 덕이동 263-19,https://www.instagram.com/thegongsaeng/,
개스타하우스,애견카페,경기,경기 고양시 일산동구 진밭로 7-29,(지번) 성석동 590-1,https://www.instagram.com/dogstarhouse729/,
포레851,애견카페,경기,경기 고양시 덕양구 흥도로 293 1층,(지번) 도내동 851,#none,070-8806-6814
카페펫토리얼,애견카페,서울,서울 종로구 종로 394 2층,(지번) 숭인동 200-6,#none,02-6952-4099
개팔자뭐있니,애견카페,부산,부산 연제구 과정로 336-1 4층,(지번) 연산동 307-25,http://blog.naver.com/wngmlskadud,051-852-2491
아웃독,애견카페,경남,경남 진주시 내동면 내축로563번길 37,(지번) 내동면 유수리 717-1,https://www.instagram.com/outdog_jj/,055-756-0742
도그스마일,애견카페,경기,경기 화성시 동탄대로 591,(지번) 영천동 658-4,https://www.instagram.com/dogsmile_5937/,031-377-5937
코코앤몽,애견카페,경기,경기 고양시 덕양구 고양대로 1760 5층,(지번) 삼송동 347-1,https://cocomong2020.modoo.at/,02-302-6607
댕그라운드,애견카페,충북,충북 청주시 청원구 내수읍 원통숲안1길 30-3,(지번) 내수읍 원통리 251-1,https://www.instagram.com/daengground/,010-2401-9324
우다다애견카페,애견카페,부산,부산 기장군 기장읍 기장해안로 114 동부프라자 4층 401호,(지번) 기장읍 시랑리 723-2,http://www.instagram.com/woo_dada_dogcafe,010-6566-7890
퍼피앤커피,애견카페,서울,서울 관악구 신원로 40-16 지하1층,(지번) 서원동 1637-18,#none,02-883-1143
함께할개,애견카페,경기,경기 고양시 덕양구 고양대로1978번길 9 1층,(지번) 동산동 44-4,#none,02-356-6906
놀러오개,애견카페,서울,서울 강서구 까치산로 33 2층,(지번) 화곡동 98-207,#none,
딩가딩가,애견카페,울산,울산 중구 태화강국가정원길 141 2층,(지번) 태화동 726-9,#none,
개들의정원,애견카페,경기,경기 이천시 설성면 설가로219번길 176,(지번) 설성면 상봉리 511-1,http://www.instagram.com/gardenfordogs,031-642-2373
트레인독,애견카페,경북,경북 경산시 옥실길 92,(지번) 옥곡동 344,http://www.instagram.com/_traindog/,053-814-0936
오멍가멍,애견카페,제주특별자치도,제주특별자치도 제주시 어영길 64-14 1층,(지번) 용담삼동 1206,http://blog.naver.com/gonzo1961,
강아지왈츠,애견카페,대전,대전 서구 계룡로491번길 90 씨엘빌딩 6층,(지번) 둔산동 1219,http://blog.naver.com/waltzdogs,070-8886-8989
개떼놀이터 인천점,애견카페,인천,인천 계양구 다남로 278,(지번) 목상동 167,https://www.instagram.com/mydog_incheon/,
밥앤독,애견카페,경기,경기 가평군 상면 수목원로 209,(지번) 상면 행현리 501-2,#none,031-585-4566
덕수네애견카페 광복로점,애견카페,부산,부산 중구 광복로 59-1 7층,(지번) 광복동2가 11-1,https://blog.naver.com/ejrtn2956,051-245-2956
함께할개사랑할개,애견카페,경기,경기 부천시 중동로262번길 38 2층,(지번) 중동 1147,https://www.instagram.com/be_together.be_loved/,032-329-7752
멍블럭,애견카페,경기,경기 남양주시 수동면 비룡로1378번길 36-6 1층,(지번) 수동면 내방리 147-9,https://mungblock.modoo.at,031-523-9008
미뇽,애견카페,충남,충남 천안시 서북구 두정상가4길 10,(지번) 두정동 1403,https://www.instagram.com/cafe_mignon_/,
으르렁애견카페,애견카페,경기,경기 파주시 미래로 369-59 5층 501호,(지번) 동패동 1761-6,https://www.instagram.com/gieunyoung/,031-947-1981
바로나도,애견카페,서울,서울 동대문구 전농로 43,(지번) 답십리동 267-12,http://baronado.modoo.at,
멍떼루와,애견카페,경기,경기 양주시 부흥로1907번길 50 1층,(지번) 광사동 215,http://blog.naver.com/mongteruwa,010-5106-5821
멍스토리,애견카페,경기,경기 용인시 기흥구 공세로82번길 32,(지번) 공세동 180-4,https://blog.naver.com/mung_story,
꿈냥꿈냥 고양이카페,애견카페,서울,서울 강북구 한천로139길 42 영남빌딩 2층 202호,(지번) 수유동 192-61,http://blog.naver.com/1004meri,010-4204-5085
개꿀잼,애견카페,울산,울산 남구 삼산로83번길 10 화진빌딩 1층,(지번) 달동 862-16,https://blog.naver.com/dog_honey_jam/,010-9495-5995
멍뭉,애견카페,대구,대구 달서구 당산로 192 다산빌딩 2층,(지번) 두류동 495-17,#none,070-4098-5789
아프리카,애견카페,전북,전북 익산시 삼기면 진북로 294-17,(지번) 삼기면 연동리 604-1,#none,063-853-8888
루카스,애견카페,경기,경기 용인시 수지구 성복2로 398,(지번) 성복동 637-1,https://www.instagram.com/lucas20201106/,0507-1446-3349
휴독,애견카페,경기,경기 성남시 분당구 서현로439번길 19 1층,(지번) 분당동 104-9,https://cafe.naver.com/hudog,070-4216-6991
강아지대학로,애견카페,서울,서울 종로구 대학로12길 92 지하1층,(지번) 동숭동 1-139,https://www.instagram.com/dogdaehak.ro_dogcafe/,010-6899-2004
젠틀펫,애견카페,대구,대구 서구 와룡로66길 64 2층,(지번) 중리동 1136-158,https://www.instagram.com/gentle_pet_/,053-586-3512
바르다펫 장안점,애견카페,서울,서울 동대문구 사가정로25길 41 만정빌딩 1층,(지번) 장안동 94-30,http://blog.naver.com/xxlal,070-7799-8956
스포독,애견카페,부산,부산 해운대구 센텀동로 102 센텀필상가 1관 옥상,(지번) 재송동 1220,https://spodog.modoo.at/,051-783-1976
개꿈,애견카페,충북,충북 청주시 서원구 두꺼비로38번길 44 2층,(지번) 산남동 829,http://blog.naver.com/only04133,043-288-7515
더독,애견카페,경기,경기 성남시 분당구 석운로120번길 4,(지번) 석운동 72-20,#none,010-7337-4884
개토피아,애견카페,경기,경기 고양시 덕양구 화신로272번길 48 유퍼스트빌딩 8층,(지번) 화정동 981-1,#none,070-8830-6122
타카독스커피,애견카페,경기,경기 용인시 기흥구 죽전로 33 이데아프라자 9층,(지번) 보정동 1207-2,#none,031-262-2929
강화애견카페몬테,애견카페,인천,인천 강화군 화도면 해안남로 1288-12,(지번) 화도면 사기리 481-28,http://blog.naver.com/petcafe_monte,010-5754-5040
개라모르겠다,애견카페,부산,부산 부산진구 전포대로209번길 39-9 2층,(지번) 전포동 684-4,http://www.instagram.com/z.dog.z,051-804-1435
헤이그애견카페,애견카페,경기,경기 용인시 기흥구 중부대로 769-10,(지번) 상하동 249-1,#none,070-4242-2929
아기사자,애견카페,강원,강원 원주시 지정면 오얏길 56,(지번) 지정면 간현리 287-3,https://www.instagram.com/agisaja55,033-733-0208
개린이네,애견카페,경기,경기 용인시 기흥구 고매로43번길 12-23,(지번) 공세동 60-1,https://www.instagram.com/gaerinine_,010-4644-2910
펀앤독,애견카페,광주,광주 광산구 목련로382번안길 48,(지번) 신가동 591-6,https://www.instagram.com/fundog591_6,010-8807-0170
마운틴독,애견카페,경남,경남 산청군 생비량면 비량로417번길 2-23,(지번) 생비량면 가계리 993-2,#none,
어스독 인천점,애견카페,인천,인천 서구 원적로 141-8 1층,(지번) 가좌동 81-5,#none,010-2271-6532
젠틀펫,애견카페,대구,대구 서구 와룡로66길 64 2층,(지번) 중리동 1136-158,https://www.instagram.com/gentle_pet_/,053-586-3512
바르다펫 장안점,애견카페,서울,서울 동대문구 사가정로25길 41 만정빌딩 1층,(지번) 장안동 94-30,http://blog.naver.com/xxlal,070-7799-8956
스포독,애견카페,부산,부산 해운대구 센텀동로 102 센텀필상가 1관 옥상,(지번) 재송동 1220,https://spodog.modoo.at/,051-783-1976
개꿈,애견카페,충북,충북 청주시 서원구 두꺼비로38번길 44 2층,(지번) 산남동 829,http://blog.naver.com/only04133,043-288-7515
더독,애견카페,경기,경기 성남시 분당구 석운로120번길 4,(지번) 석운동 72-20,#none,010-7337-4884
개토피아,애견카페,경기,경기 고양시 덕양구 화신로272번길 48 유퍼스트빌딩 8층,(지번) 화정동 981-1,#none,070-8830-6122
타카독스커피,애견카페,경기,경기 용인시 기흥구 죽전로 33 이데아프라자 9층,(지번) 보정동 1207-2,#none,031-262-2929
강화애견카페몬테,애견카페,인천,인천 강화군 화도면 해안남로 1288-12,(지번) 화도면 사기리 481-28,http://blog.naver.com/petcafe_monte,010-5754-5040
개라모르겠다,애견카페,부산,부산 부산진구 전포대로209번길 39-9 2층,(지번) 전포동 684-4,http://www.instagram.com/z.dog.z,051-804-1435
헤이그애견카페,애견카페,경기,경기 용인시 기흥구 중부대로 769-10,(지번) 상하동 249-1,#none,070-4242-2929
아기사자,애견카페,강원,강원 원주시 지정면 오얏길 56,(지번) 지정면 간현리 287-3,https://www.instagram.com/agisaja55,033-733-0208
개린이네,애견카페,경기,경기 용인시 기흥구 고매로43번길 12-23,(지번) 공세동 60-1,https://www.instagram.com/gaerinine_,010-4644-2910
펀앤독,애견카페,광주,광주 광산구 목련로382번안길 48,(지번) 신가동 591-6,https://www.instagram.com/fundog591_6,010-8807-0170
마운틴독,애견카페,경남,경남 산청군 생비량면 비량로417번길 2-23,(지번) 생비량면 가계리 993-2,#none,
어스독 인천점,애견카페,인천,인천 서구 원적로 141-8 1층,(지번) 가좌동 81-5,#none,010-2271-6532
도그스테이블,애견카페,강원,강원 춘천시 안마산로 294-30 1층,(지번) 석사동 172,https://www.instagram.com/dog_stable/,033-264-0024
유포리아,애견카페,경남,경남 창원시 진해구 용원동로 19 1층,(지번) 안골동 334,https://blog.naver.com/lylu2020,
멍뭉몽,애견카페,대구,"대구 북구 태암남로 43 1,2층",(지번) 구암동 671-7,https://www.instagram.com/mung_moong_mong/,053-311-6690
댕지트,애견카페,경기,경기 화성시 융건로 37-1,(지번) 기안동 457-50,http://instagram.com/dang_git_,031-223-9904
리리앤펫,애견카페,서울,서울 강북구 한천로131길 33 2층,(지번) 번동 415-1,#none,
카페지피에스,애견카페,광주,광주 서구 마륵복개로 68-28 1층,(지번) 마륵동 166-13,https://www.instagram.com/cafe_gps_35/,
오독,애견카페,광주,광주 서구 내방로 324-1 1층,(지번) 화정동 94-7,#none,070-4067-5559
달이,애견카페,충북,충북 청주시 청원구 사천로18번길 5-98,(지번) 사천동 103,http://instagram.com/dal2_cafe,043-216-2131
멍아일랜드,애견카페,경남,경남 거제시 사등면 사등2길 3,(지번) 사등면 사등리 431,https://www.instagram.com/mung_island/,010-5440-8431
덕수네애견카페 경성대점,애견카페,부산,부산 남구 용소로 3 청호빌딩 4층,(지번) 대연동 55-6,http://www.deoksune.com,051-625-2956
안지아로,애견카페,대구,대구 달서구 한실로6길 136 DS타워 4층,(지번) 대곡동 1117-1,#none,053-652-5959
라드독,애견카페,경기,경기 성남시 중원구 마지로 130-5,(지번) 하대원동 385,http://blog.naver.com/ok-dog,0507-1358-1989
돌봄,애견카페,충북,충북 청주시 청원구 율량로202번길 36-2 3층,(지번) 율량동 2053,#none,043-212-7516
레이크더독,애견카페,경기,경기 용인시 처인구 남사읍 삼인로 148,(지번) 남사읍 북리 416-1,http://www.instagram.com/lake_thedog/?hl=ko,031-333-4161
너와함개냥,애견카페,경기,경기 포천시 군내면 포천로 1070-2 1층,(지번) 군내면 유교리 288,https://www.instagram.com/neowahamgaenyang/,
리버티벨 강동점,애견카페,서울,서울 강동구 양재대로 1410 서울동물메디컬센터 2층,(지번) 둔촌동 486-7,http://blog.naver.com/liberty_bell,02-487-0955
풀독,애견카페,경기,경기 안성시 원곡면 방삼길 16-18,(지번) 원곡면 칠곡리 190,#none,010-3236-4762
꾸루꾸루,애견카페,광주,광주 동구 중앙로160번길 23-4 1층,(지번) 황금동 57,https://www.instagram.com/kkurukkuru_/,062-228-5758
코코독스애견카페,애견카페,전남,전남 영암군 삼호읍 삼포로 181,(지번) 삼호읍 삼포리 745,https://blog.naver.com/cocodogs2222/,061-462-2222
아이러브퍼피 수지죽전점,애견카페,경기,경기 용인시 수지구 용구대로 2769 코디클럽빌딩 2층 201호,(지번) 죽전동 876-6,http://blog.naver.com/lsw003,031-261-0969
하비파크,애견카페,인천,인천 남동구 만의골로195번길 46 1층,(지번) 장수동 57-7,#none,032-473-8188
눈보뛰,애견카페,광주,광주 광산구 대산로 22,(지번) 대산동 300-1,https://www.instagram.com/gwangju_dog_theme_park/,062-941-5880
개상전애견카페,애견카페,서울,서울 은평구 통일로 727-5 3층,(지번) 대조동 14-27,http://blog.naver.com/cafe0629,070-4404-1212
531스튜디오,애견카페,경기,경기 성남시 분당구 고기로554번길 13,(지번) 대장동 531-1,https://www.instagram.com/531studio_for_dog/,
레드퍼피카페,애견카페,경기,경기 김포시 월곶면 김포대로 2722,(지번) 월곶면 군하리 363-15,https://www.instagram.com/_redpuppy_/,031-996-8789
놀다가개,애견카페,경기,경기 평택시 팽성읍 두정3길 47,(지번) 팽성읍 두정리 163-17,https://www.instagram.com/cafe_playdog/,031-657-3879
개으른세상,애견카페,경기,경기 김포시 하성면 석평로 90 1층,(지번) 하성면 석탄리 632,#none,010-5556-5003
퍼스펫파크,애견카페,경북,경북 경주시 외외1길 108-3,(지번) 효현동 631-6,https://www.instagram.com/pers_pet_park/,054-774-9955
프렌치불독스토리,애견카페,경기,경기 남양주시 강변북로661번길 23,(지번) 수석동 319,https://www.instagram.com/frenchbulldogstory.cafe,010-8742-7454
홈펫 1호점,애견카페,서울,서울 송파구 가락로 168 2층,(지번) 송파동 103-2,http://www.wehomepet.com,010-5001-5023
멜팅,애견카페,경기,경기 동두천시 천보산로 628,(지번) 탑동동 844,https://www.instagram.com/melting_cafe._.official,0507-1326-6509
카페더필드,애견카페,전남,전남 순천시 해룡면 남가1길 90-39,(지번) 해룡면 남가리 401-6,#none,
달래애견카페,애견카페,제주특별자치도,제주특별자치도 제주시 애월읍 중산간서로 5585,(지번) 애월읍 납읍리 914-2,http://www.instagram.com/dallae_petcafe,064-805-8777
문리버펫,애견카페,경기,경기 양평군 서종면 무내미길 49-6,(지번) 서종면 문호리 779-36,https://www.instagram.com/munriverpet,031-773-6046
엘빈,애견카페,인천,인천 미추홀구 한나루로 511 현수빌딩 2층,(지번) 주안동 678-5,http://www.facebook.com/반려견카페-엘빈-106134006712812/,032-279-5950
개간지애견카페,애견카페,경기,경기 안산시 단원구 선부광장1로 10 동양빌딩 3층 304호,(지번) 선부동 1070-11,http://gaeganji.itrocks.kr,031-401-5570
펠리스뻬로파크,애견카페,경기,경기 안성시 양성면 양성로 559 1층,(지번) 양성면 장서리 345-3,https://www.instagram.com/felizperro_official,
뽀야쌀롱,애견카페,경기,경기 양평군 양서면 목왕로688번길 47,(지번) 양서면 목왕리 40,https://www.instagram.com/ppoya_salon/,010-7631-7455
도그365,애견카페,경기,경기 성남시 분당구 새마을로51번길 5,(지번) 서현동 136-9,https://instagram.com/dog365_,031-701-3650
강선생,애견카페,전북,전북 전주시 덕진구 아중6길 9 1층,(지번) 우아동2가 902-4,http://instagram.com/cafe.mrkang,010-3807-1653
버디독,애견카페,광주,광주 서구 화개1로 67 2층,(지번) 금호동 237,#none,062-681-5011
퍼스트독 동탄점,애견카페,경기,경기 화성시 외삼미로 166 3층,(지번) 반송동 76-1,#none,031-8003-5127
카페700,애견카페,서울,서울 강서구 곰달래로 104 3층,(지번) 화곡동 918-21,#none,
댕글댕글,애견카페,전남,전남 장성군 삼계면 용매골길 30,(지번) 삼계면 부성리 710-2,https://instagram.com/dangle_dangle__,010-6402-4904
벨르시앙,애견카페,경남,경남 창원시 마산회원구 팔용로 30 1층,(지번) 양덕동 46-5,https://www.instagram.com/belle__chien,055-253-0887
랑랑이네 정원,애견카페,경기,경기 남양주시 와부읍 수레로486번길 5,(지번) 와부읍 월문리 317-37,http://www.instagram.com/rangrangs_garden,031-577-0726
개런티,애견카페,경기,경기 용인시 처인구 양지면 양지로 127 1층,(지번) 양지면 양지리 630-8,#none,031-328-2888
포켓멍스터,애견카페,경기,경기 고양시 일산서구 덕산로99번길 110,(지번) 가좌동 619-4,http://blog.naver.com/pocketmung,010-2333-2974
애견까페포,애견카페,경남,경남 창원시 마산합포구 창동거리길 40 2층,(지번) 창동 187,#none,055-244-7290
도그래,애견카페,경기,경기 여주시 강천면 원양1로 541 1층,(지번) 강천면 도전리 1006-2,https://www.instagram.com/dogre_/,070-8888-7410
멍집사,애견카페,인천,인천 남동구 예술로 206 구월중앙프라자 3층 B-302호,(지번) 구월동 1131-3,https://www.instagram.com/mung_jip_sa/,070-4024-4431
두루두루,애견카페,경기,경기 양주시 장흥면 권율로 666,(지번) 장흥면 석현리 3-7,https://www.instagram.com/cafe_duruduru/,031-826-2727
까망베르,애견카페,대구,대구 수성구 용학로 12-1,(지번) 파동 692,http://www.instagram.com/puppy_1214,053-216-0055
노블도그,애견카페,서울,서울 강서구 강서로 237,(지번) 화곡동 1013,#none,02-2606-0456
크흥강아지카페,애견카페,광주,광주 광산구 하남대로54번안길 104-3 1층,(지번) 하남동 599,http://www.instagram.com/keuheung_cafe/,062-454-4398
칸지독,애견카페,인천,인천 서구 중봉대로586번길 9-19 리버프라자 5층,(지번) 청라동 162-19,http://kanjidog.com/,032-563-0818
애견카페담,애견카페,광주,광주 광산구 임방울대로826번길 29-18 2층,(지번) 쌍암동 694-130,#none,062-974-9027
부산애견카페122,애견카페,부산,부산 부산진구 신천대로 122 네오스포 상가 4층,(지번) 부전동 450,https://www.instagram.com/hanaduldul_cafe/,070-7510-5353
오르치그로치,애견카페,경기,경기 안산시 단원구 고잔로 112 3층,(지번) 고잔동 539-3,http://www.instagram.com/OrchiGrochi,031-403-5797
바라겔,애견카페,충남,충남 서산시 음암면 도당꽃밭재길 59-57,(지번) 음암면 도당리 1313,#none,0507-1307-1312
랑랑이네 정원,애견카페,경기,경기 남양주시 와부읍 수레로486번길 5,(지번) 와부읍 월문리 317-37,http://www.instagram.com/rangrangs_garden,031-577-0726
개런티,애견카페,경기,경기 용인시 처인구 양지면 양지로 127 1층,(지번) 양지면 양지리 630-8,#none,031-328-2888
포켓멍스터,애견카페,경기,경기 고양시 일산서구 덕산로99번길 110,(지번) 가좌동 619-4,http://blog.naver.com/pocketmung,010-2333-2974
애견까페포,애견카페,경남,경남 창원시 마산합포구 창동거리길 40 2층,(지번) 창동 187,#none,055-244-7290
도그래,애견카페,경기,경기 여주시 강천면 원양1로 541 1층,(지번) 강천면 도전리 1006-2,https://www.instagram.com/dogre_/,070-8888-7410
멍집사,애견카페,인천,인천 남동구 예술로 206 구월중앙프라자 3층 B-302호,(지번) 구월동 1131-3,https://www.instagram.com/mung_jip_sa/,070-4024-4431
두루두루,애견카페,경기,경기 양주시 장흥면 권율로 666,(지번) 장흥면 석현리 3-7,https://www.instagram.com/cafe_duruduru/,031-826-2727
까망베르,애견카페,대구,대구 수성구 용학로 12-1,(지번) 파동 692,http://www.instagram.com/puppy_1214,053-216-0055
노블도그,애견카페,서울,서울 강서구 강서로 237,(지번) 화곡동 1013,#none,02-2606-0456
크흥강아지카페,애견카페,광주,광주 광산구 하남대로54번안길 104-3 1층,(지번) 하남동 599,http://www.instagram.com/keuheung_cafe/,062-454-4398
칸지독,애견카페,인천,인천 서구 중봉대로586번길 9-19 리버프라자 5층,(지번) 청라동 162-19,http://kanjidog.com/,032-563-0818
애견카페담,애견카페,광주,광주 광산구 임방울대로826번길 29-18 2층,(지번) 쌍암동 694-130,#none,062-974-9027
부산애견카페122,애견카페,부산,부산 부산진구 신천대로 122 네오스포 상가 4층,(지번) 부전동 450,https://www.instagram.com/hanaduldul_cafe/,070-7510-5353
오르치그로치,애견카페,경기,경기 안산시 단원구 고잔로 112 3층,(지번) 고잔동 539-3,http://www.instagram.com/OrchiGrochi,031-403-5797
바라겔,애견카페,충남,충남 서산시 음암면 도당꽃밭재길 59-57,(지번) 음암면 도당리 1313,#none,0507-1307-1312
큐독,애견카페,광주,광주 광산구 송대길 28-1,(지번) 복룡동 560-1,http://nstagram.com/cuedog_cafe,010-6573-7305
AI,애견카페,서울,서울 강남구 강남대로110길 32 1층,(지번) 역삼동 616-4,https://www.instagram.com/bonito_shin,070-8158-2588
와동245,애견카페,대전,대전 대덕구 신탄진로 367,(지번) 와동 245-3,https://www.instagram.com/wadong245/,010-2009-9716
들어오시개,애견카페,경기,경기 양평군 용문면 그릇고갯길 106,(지번) 용문면 마룡리 216-1,http://welcomedogs.modoo.at,
루이야학교가자,애견카페,전북,전북 군산시 수송로 291 4층,(지번) 미장동 501-11,https://0634515900.modoo.at,063-451-5900
캔디독,애견카페,경기,경기 하남시 미사강변중앙로 219 레이크힐 3층 305호,(지번) 망월동 1077-2,http://www.instagram.com/cafe_candydog,031-793-2191
애견동반카페 예뜰,애견카페,경기,경기 화성시 팔탄면 온천로 295,(지번) 팔탄면 덕천리 163-5,http://www.instagram.com/_dogcafe,031-354-8243
멍마르뜨,애견카페,경북,경북 구미시 선산읍 선산대로 1668-1,(지번) 선산읍 교리 20-2,https://www.instagram.com/mung_martre_,010-9636-8610
놀다가개,애견카페,경기,경기 수원시 권선구 세권로 175 2층,(지번) 권선동 1057-12,http://blog.naver.com/noldagagae,031-547-9636
피터펫애견카페 부산북구점,애견카페,부산,부산 북구 백양대로 1163 청양빌딩 3층,(지번) 구포동 622-1,#none,051-710-7110
뭉스독,애견카페,경기,경기 수원시 권선구 금곡로118번길 34-10 2층,(지번) 금곡동 1089-2,http://blog.naver.com/moongsdog/,070-8834-1133
루카의하루,애견카페,대전,대전 유성구 동서대로179번길 20,(지번) 덕명동 594-2,#none,
38.5독,애견카페,충북,충북 청주시 상당구 남일면 미천고은로 398,(지번) 남일면 가산리 212-9,https://smartstore.naver.com/38_5dog,
나만믿개,애견카페,서울,서울 마포구 성암로15길 34 2층,(지번) 상암동 2-108,https://instagram.com/trust._.meme,010-9651-9635
크리스앤체스,애견카페,서울,서울 강남구 언주로168길 10 1층,(지번) 신사동 634-11,#none,02-6368-4692
아리댕댕,애견카페,경기,경기 화성시 향남읍 발안남로 41 제암빌딩 2층 201호,(지번) 향남읍 발안리 39-2,https://www.instagram.com/ari_dd_cafe/,010-8957-5200
독크루 북구점,애견카페,광주,광주 북구 하백로5번길 1 1층,(지번) 매곡동 370-7,https://cafe.naver.com/hammershouse,
개썸커피,애견카페,서울,서울 노원구 동일로242길 123,(지번) 상계동 1002-2,#none,
루시몽,애견카페,서울,서울 송파구 성내천로8길 3 2층,(지번) 오금동 61-10,https://blog.naver.com/lucimoncafe,02-2043-7581
개정촌,애견카페,경기,경기 시흥시 중심상가3길 11 4층,(지번) 정왕동 1737-13,http://cafe.naver.com/dogheartvillage,070-7763-1105
까로맘 수원kt위즈파크점,애견카페,경기,경기 수원시 장안구 경수대로 893 외야 2층,(지번) 조원동 775,http://caromom08.modoo.at,031-258-5531
히포코코,애견카페,강원,강원 춘천시 중앙로67번길 9 A동 6층,(지번) 조양동 144-3,https://www.instagram.com/hippo_coco,033-253-3523
왈왈이애견카페 웨스턴돔점,애견카페,경기,경기 고양시 일산동구 정발산로 24 웨스턴돔 B동 2층,(지번) 장항동 868,#none,0507-1506-9813
놀멍쉬멍고르멍,애견카페,제주특별자치도,제주특별자치도 서귀포시 현청로 51,(지번) 서홍동 136-1,http://meong3.modoo.at,0507-1409-2405
어테일,애견카페,충북,충북 청주시 흥덕구 서부로 1093-8 3층,(지번) 강서동 283-7,https://www.instagram.com/a_tail_official/,010-5140-7722
호두마루애견카페,애견카페,전북,전북 김제시 만경읍 대동길 605,(지번) 만경읍 대동리 65-7,#none,
개판오분전,애견카페,제주특별자치도,제주특별자치도 서귀포시 남원읍 하신로 302,(지번) 남원읍 신례리 697-9,http://ok114.co.kr/01023546744,
블랑프리미엄펫,애견카페,서울,서울 성북구 동소문로24길 9 2층,(지번) 동선동1가 121-20,http://www.blance8984.com,02-927-2256
놀다가개,애견카페,울산,울산 울주군 서생면 불안길 33,(지번) 서생면 나사리 390-1,#none,052-239-9181
할리독,애견카페,경북,경북 경산시 압량읍 압독로 121,(지번) 압량읍 신대리 3-17,#none,010-9882-7959
어야가자,애견카페,서울,서울 강남구 테헤란로39길 66,(지번) 역삼동 662-1,http://uhyagazapetcafe.modoo.at/,0507-1418-0809
지니앤독,애견카페,서울,서울 관악구 남부순환로 1674,(지번) 신림동 10-629,#none,
로그하우스,애견카페,경기,경기 양주시 어하고개로 127 1층,(지번) 삼숭동 74-2,#none,031-846-3270
펫카페37.5,애견카페,경북,경북 경산시 한의대로 50,(지번) 유곡동 산 4-4,#none,053-818-7856
맨앤독 김해내외본점,애견카페,경남,경남 김해시 내외중앙로 60 신한프라자 13층,(지번) 내동 1144-3,https://www.instagram.com/920323_/,010-2586-2326
카페 더157,애견카페,경기,경기 평택시 죽백2길 234-16 1층,(지번) 죽백동 157,https://www.instagram.com/cafe_the157,010-4402-8966
케어메이트,애견카페,울산,울산 남구 돋질로302번길 13 2층,(지번) 삼산동 1548-4,http://blog.naver.com/caremate_ulsan,010-2338-8115
커멍도그,애견카페,부산,부산 강서구 명지국제8로 234 정우빌딩2차 5층,(지번) 명지동 3412-2,http://instagram.com/comung_dog,010-4749-9416
영화산장 애견카페,애견카페,경기,경기 시흥시 하우로 181-20,(지번) 대야동 산 103-1,#none,031-312-2222
카이터스,애견카페,제주특별자치도,제주특별자치도 제주시 매촌4길 3,(지번) 도련이동 607,http://kiters.co.kr/,010-6646-3302
어썸블독,애견카페,전북,전북 전주시 덕진구 기지로 93-6 2층,(지번) 장동 1088-3,https://www.instagram.com/ensemble.dog,063-227-6700
사랑스럽개,애견카페,경기,경기 시흥시 서울대학로278번길 61 베니스스퀘어 3층 303호,(지번) 배곧동 204,https://www.instagram.com/lovelydog_petcafe,031-497-1003
탁이네반려견카페,애견카페,부산,부산 부산진구 중앙대로691번길 55 5층,(지번) 부전동 524-18,http://blog.naver.com/tak-dog,051-808-2500
애견깡패,애견카페,경기,경기 의정부시 시민로121번길 63 2층,(지번) 의정부동 159-10,http://dogcafe1234.modoo.at/,031-847-7990
코코네,애견카페,강원,강원 원주시 토지길 63-6 1층,(지번) 단구동 1644-4,#none,033-764-4648
메리펫카페,애견카페,서울,서울 강남구 역삼로78길 24,(지번) 대치동 916-38,#none,02-555-5842
멍때리는강아지,애견카페,경기,경기 군포시 산본로323번길 20-25 우정빌딩 2층,(지번) 산본동 1138,https://mungshop.modoo.at/,031-393-7783
독신남,애견카페,경기,경기 파주시 탄현면 새오리로286번길 90,(지번) 탄현면 대동리 7,https://www.instagram.com/dogsinnam_paju/,
하이디펫,애견카페,경기,경기 화성시 동탄치동천로3길 17,(지번) 영천동 740-3,https://blog.naver.com/kml75713,
아이러브퍼피 청주점,애견카페,충북,충북 청주시 상당구 중고개로125번길 7 남송휴프라자 5층,(지번) 용암동 3092,https://www.instagram.com/cheongju_ilovepuppy/,043-295-1011
피터펫카페 가덕천성항점,애견카페,부산,부산 강서구 가덕해안로 761 3층,(지번) 천성동 981,#none,051-935-5959
발바닥,애견카페,강원,강원 춘천시 동내면 거두길 26,(지번) 동내면 거두리 546-2,#none,
댕댕이애견카페,애견카페,경남,경남 창원시 의창구 북면 구룡로 556 1층,(지번) 북면 화천리 183-2,http://www.instagram.com/dangdange_,055-298-7826
그루밍카페 1987,애견카페,경남,경남 김해시 분성로501번길 49,(지번) 어방동 363-6,https://blog.naver.com/groomingcafe1987,010-9892-2428
멍스필드,애견카페,경기,경기 고양시 덕양구 충장로 614-49,(지번) 성사동 600-1,https://www.instagram.com/meongsfield/,010-5749-0206
도그파우,애견카페,울산,울산 중구 백양로 44 2층,(지번) 성안동 851-4,https://www.instagram.com/dogpaw_official,052-243-9392
퍼피빈,애견카페,경기,경기 성남시 분당구 서현로393번길 6,(지번) 서현동 340-1,http://puppybean.modoo.at/,010-5721-0831
샹제리제,애견카페,경기,경기 평택시 조개터로34번길 1,(지번) 합정동 896-13,#none,010-3813-6196
다양하개,애견카페,경기,경기 의정부시 평화로 564,(지번) 의정부동 201-11,#none,031-847-8875
말랑맨션,애견카페,서울,서울 강남구 논현로168길 37,(지번) 신사동 626-23,#none,02-549-6588
메리펫카페,애견카페,서울,서울 강남구 역삼로78길 24,(지번) 대치동 916-38,#none,02-555-5842
멍때리는강아지,애견카페,경기,경기 군포시 산본로323번길 20-25 우정빌딩 2층,(지번) 산본동 1138,https://mungshop.modoo.at/,031-393-7783
독신남,애견카페,경기,경기 파주시 탄현면 새오리로286번길 90,(지번) 탄현면 대동리 7,https://www.instagram.com/dogsinnam_paju/,
하이디펫,애견카페,경기,경기 화성시 동탄치동천로3길 17,(지번) 영천동 740-3,https://blog.naver.com/kml75713,
아이러브퍼피 청주점,애견카페,충북,충북 청주시 상당구 중고개로125번길 7 남송휴프라자 5층,(지번) 용암동 3092,https://www.instagram.com/cheongju_ilovepuppy/,043-295-1011
피터펫카페 가덕천성항점,애견카페,부산,부산 강서구 가덕해안로 761 3층,(지번) 천성동 981,#none,051-935-5959
발바닥,애견카페,강원,강원 춘천시 동내면 거두길 26,(지번) 동내면 거두리 546-2,#none,
댕댕이애견카페,애견카페,경남,경남 창원시 의창구 북면 구룡로 556 1층,(지번) 북면 화천리 183-2,http://www.instagram.com/dangdange_,055-298-7826
그루밍카페 1987,애견카페,경남,경남 김해시 분성로501번길 49,(지번) 어방동 363-6,https://blog.naver.com/groomingcafe1987,010-9892-2428
멍스필드,애견카페,경기,경기 고양시 덕양구 충장로 614-49,(지번) 성사동 600-1,https://www.instagram.com/meongsfield/,010-5749-0206
도그파우,애견카페,울산,울산 중구 백양로 44 2층,(지번) 성안동 851-4,https://www.instagram.com/dogpaw_official,052-243-9392
퍼피빈,애견카페,경기,경기 성남시 분당구 서현로393번길 6,(지번) 서현동 340-1,http://puppybean.modoo.at/,010-5721-0831
샹제리제,애견카페,경기,경기 평택시 조개터로34번길 1,(지번) 합정동 896-13,#none,010-3813-6196
다양하개,애견카페,경기,경기 의정부시 평화로 564,(지번) 의정부동 201-11,#none,031-847-8875
말랑맨션,애견카페,서울,서울 강남구 논현로168길 37,(지번) 신사동 626-23,#none,02-549-6588
호텔멍,애견카페,충북,충북 청주시 흥덕구 2순환로1340번길 2,(지번) 가경동 336-14,https://www.instagram.com/hotelmung/?igshid=1pxspg3h1s1d8,
신세개,애견카페,경남,경남 진주시 내동면 내동로 216-18,(지번) 내동면 신율리 467,https://blog.naver.com/wygil,010-5821-1089
데일리펫,애견카페,광주,광주 광산구 풍영철길로 20-5 2층,(지번) 우산동 1363-20,https://www.instagram.com/_dailypet,
덕수네애견카페 부산대점,애견카페,부산,부산 금정구 금정로 62 4층,(지번) 장전동 312-34,http://www.덕수네.kr,051-515-2956
하오쿠,애견카페,부산,부산 해운대구 송정광어골로 82 안나수빌딩 6층,(지번) 송정동 444-11,https://www.instagram.com/haokoo__dogcafe/,010-8727-5990
카페원빈,애견카페,경기,경기 양평군 청운면 벗고갯길 38,(지번) 청운면 가현리 24-3,https://www.instagram.com/goldnine/,
리틀원,애견카페,경기,경기 남양주시 별내5로23번길 18-26 1층,(지번) 별내동 1085,http://blog.naver.com/cafelittleone,070-7621-0741
개가사는그집,애견카페,경기,경기 파주시 책향기로 573 월드타워3 4층 406호,(지번) 목동동 939-4,#none,031-937-8222
똥꼬발랄,애견카페,전남,전남 목포시 삼학로 323,(지번) 용해동 152-59,#none,010-7535-0588
블루플래닛,애견카페,경기,경기 화성시 향남읍 발안로 644-60,(지번) 향남읍 길성리 62,https://www.instagram.com/blue_planet_0111/,
드림독,애견카페,경기,경기 오산시 세마역로19번길 22-3,(지번) 세교동 612-8,http://blog.naver.com/lovolic,070-8845-6609
너비울허브타임독타임,애견카페,경기,경기 안산시 단원구 너비울길 96,(지번) 화정동 258-1,https://www.instagram.com/herb_dog_time/,
카페빼로,애견카페,경기,경기 이천시 부발읍 경충대로1804번길 26 3동 1~2층,(지번) 부발읍 응암리 103-2,https://www.instagram.com/cafe.perro/,031-637-2582
도로시지켜줄개,애견카페,인천,인천 계양구 안남로 578 2층,(지번) 효성동 25-11,#none,
미스터멍,애견카페,경북,경북 안동시 강남로 490,(지번) 정상동 122-1,https://www.instagram.com/mr_meongcafe,054-854-1259
견궁,애견카페,충북,충북 충주시 성남5길 28 1층,(지번) 성남동 250,#none,010-9029-0050
몽스파 본점,애견카페,제주특별자치도,제주특별자치도 제주시 서사로 28 2층,(지번) 삼도일동 751-1,http://mongspa.kr,064-803-0661
치프리멍,애견카페,경기,경기 화성시 정남면 정남동로207번길 60-16,(지번) 정남면 제기리 545-2,https://blog.naver.com/chiefreemung,010-2979-5566
독스아웃 용인점,애견카페,경기,경기 광주시 도척면 도척로803번길 68-11,(지번) 도척면 방도리 560-8,http://instagram.com/dogsout__/,0507-1350-5605
봉주르봉구,애견카페,경기,경기 광주시 초월읍 대쌍령길 5 2층,(지번) 초월읍 대쌍령리 342-6,http://blog.naver.com/hi_bonggu,031-765-8308
뽀도독,애견카페,경북,경북 구미시 고아읍 들성로 224 1동 2층,(지번) 고아읍 문성리 1404-1,http://pododog.hiad.kr/,054-441-5577
도그휴,애견카페,경북,경북 영천시 신성일로 300,(지번) 괴연동 653,http://www.doghue.com,
빈스독,애견카페,서울,서울 동대문구 이문로28길 4 1층,(지번) 이문동 287-41,#none,
애견카페왕,애견카페,경기,경기 남양주시 경춘로773번길 12-16,(지번) 일패동 65-27,#none,031-554-2001
왈,애견카페,경기,경기 남양주시 늘을1로16번안길 3-9 1층,(지번) 호평동 632-6,https://www.instagram.com/_ywal_/,
카페애견,애견카페,충남,충남 천안시 서북구 성성4길 43 업성호수타운 1층,(지번) 성성동 39-8,https://instagram.com/ra_xbong,
댕댕이블루스,애견카페,경기,경기 오산시 배무니로 19,(지번) 지곶동 산 22,https://www.instagram.com/dangdang_blues/,031-377-0027
더멍멍컴퍼니,애견카페,충북,충북 청주시 서원구 궁뜰로102번길 36,(지번) 장성동 19,https://instagram.com/themungmung.co,
이누인,애견카페,대전,"대전 유성구 계백로421번길 53-6 1,2층",(지번) 방동 455-2,http://inuinn.com,010-4725-4111
몽슈,애견카페,경기,경기 성남시 분당구 서현로439번길 9,(지번) 분당동 99-9,https://www.instagram.com/bichonfrise_pet_stylist/,031-706-1331
애니펫애견카페,애견카페,부산,부산 수영구 망미로7번길 69,(지번) 광안동 1026-12,http://smartstore.naver.com/anipet,051-759-1312
장재로167,애견카페,경남,경남 김해시 한림면 장재로 167,(지번) 한림면 안하리 산 232,http://www.instagram.com/jjr167_dogcafe,010-2406-0167
우주의행성,애견카페,경기,경기 안산시 단원구 초지로 94 한솔프라자 204호,(지번) 초지동 735-3,https://blog.naver.com/bpanda2,031-402-1546
너와함께할개,애견카페,울산,울산 울주군 삼남읍 수남벚꽃길 11-46,(지번) 삼남읍 교동리 1709-9,#none,052-716-0052
카페세븐,애견카페,경남,경남 김해시 금관대로 187 1층,(지번) 대청동 800-11,https://sevencafe3377.modoo.at/,055-331-3377
코코스퀘어 현대 스페이스원점,애견카페,경기,경기 남양주시 다산순환로 50 1층,(지번) 다산동 6141,https://www.coccosquare.com,031-8078-2135
은퇴한 수의사의저택,애견카페,서울,서울 서대문구 가좌로 78 1층,(지번) 홍은동 396-26,http://eunsoojeo.modoo.at,02-303-7959
제이도그,애견카페,서울,서울 강북구 인수봉로 221-1,(지번) 수유동 410-44,#none,
커피먹고멍멍,애견카페,경기,경기 용인시 처인구 이동읍 이원로 517 1층,(지번) 이동읍 묵리 432,http://커피먹고멍멍.com,010-7324-5987
몽앤츄,애견카페,서울,서울 도봉구 노해로63길 84-9 107호,(지번) 창동 135-28,#none,010-6589-6331
언더독cafe&school,애견카페,인천,인천 남동구 은봉로315번길 4,(지번) 논현동 594-20,http://blog.naver.com/biends2002,
개편한세상,애견카페,경기,경기 수원시 권선구 금곡로102번길 55 진흥빌딩 202호,(지번) 금곡동 1087,http://www.개편한세상.com,070-4038-2848
까네지노,애견카페,서울,서울 동대문구 전농로 43,(지번) 답십리동 267-2,https://www.instagram.com/canejino,02-3394-8542
카페410앤독,애견카페,경기,경기 수원시 영통구 동수원로 533 지하1층,(지번) 원천동 85-23,http://blog.naver.com/aginim,
도그의 하루,애견카페,인천,인천 연수구 컨벤시아대로 81 드림시티 314호,(지번) 송도동 3-2,http://cafe.daum.net/dogs-oneday,032-859-7676
헤이브로,애견카페,경기,경기 화성시 봉담읍 샘마을길 12 브릭스퀘어 F층 401호,(지번) 봉담읍 상리 26-69,https://blog.naver.com/jwjs8985,070-8899-8985
개개인,애견카페,경기,경기 남양주시 호평로69번길 19-2,(지번) 호평동 189-5,https://www.instagram.com/_g_g_in/,
바바빈,애견카페,대구,대구 수성구 용학로 21-1,(지번) 상동 706,http://m.townspot.co.kr/ljm3669/,053-767-2669
댕라운지,애견카페,대전,대전 서구 대덕대로317번길 20 6층 601호,(지번) 월평동 245,#none,
오늘도댕댕,애견카페,서울,서울 강서구 방화동로 59 2층 201호,(지번) 방화동 606-112,http://blog.naver.com/ohohdeng,02-6080-1389
펫소풍,애견카페,제주특별자치도,제주특별자치도 서귀포시 안덕면 화순서서로 458,(지번) 안덕면 서광리 2188-1,#none,
놀러오개,애견카페,경기,경기 파주시 경의로 1108 월드타워7 4층 405호,(지번) 야당동 1074,#none,031-944-8520
노아의방주,애견카페,경남,경남 사천시 정동면 화암길 180,(지번) 정동면 화암리 177-1,#none,055-852-4400
디비디비,애견카페,광주,광주 북구 우치로 885,(지번) 용전동 1211-8,https://www.instagram.com/dbdb_dog_cafe/,062-572-0707
개밥주는여자,애견카페,광주,광주 광산구 하완길 71,(지번) 수완동 363-4,http://www.instagram.com/gebob_nyeo,010-8252-2873
웅천애견카페,애견카페,전남,전남 여수시 예울마루로 37-53,(지번) 웅천동 1696-3,#none,061-692-0507
개스타그램,애견카페,경기,경기 평택시 신장로 3,(지번) 신장동 224-5,https://instagram.com/dog_stagram_cafe,031-664-0420
하루의하루,애견카페,서울,서울 구로구 가마산로 232-11,(지번) 구로동 82-7,#none,
신나개놀개,애견카페,인천,인천 미추홀구 독배로 305 이한프라자 3층,(지번) 용현동 604-5,#none,070-8882-7677
개집,애견카페,경기,경기 평택시 지산천로 10-1,(지번) 독곡동 308-2,http://www.facebook.com/애견카페-a-dog-house-개집-2173155279591900,
헤이브로,애견카페,경기,경기 화성시 봉담읍 샘마을길 12 브릭스퀘어 F층 401호,(지번) 봉담읍 상리 26-69,https://blog.naver.com/jwjs8985,070-8899-8985
개개인,애견카페,경기,경기 남양주시 호평로69번길 19-2,(지번) 호평동 189-5,https://www.instagram.com/_g_g_in/,
바바빈,애견카페,대구,대구 수성구 용학로 21-1,(지번) 상동 706,http://m.townspot.co.kr/ljm3669/,053-767-2669
댕라운지,애견카페,대전,대전 서구 대덕대로317번길 20 6층 601호,(지번) 월평동 245,#none,
오늘도댕댕,애견카페,서울,서울 강서구 방화동로 59 2층 201호,(지번) 방화동 606-112,http://blog.naver.com/ohohdeng,02-6080-1389
펫소풍,애견카페,제주특별자치도,제주특별자치도 서귀포시 안덕면 화순서서로 458,(지번) 안덕면 서광리 2188-1,#none,
놀러오개,애견카페,경기,경기 파주시 경의로 1108 월드타워7 4층 405호,(지번) 야당동 1074,#none,031-944-8520
노아의방주,애견카페,경남,경남 사천시 정동면 화암길 180,(지번) 정동면 화암리 177-1,#none,055-852-4400
디비디비,애견카페,광주,광주 북구 우치로 885,(지번) 용전동 1211-8,https://www.instagram.com/dbdb_dog_cafe/,062-572-0707
개밥주는여자,애견카페,광주,광주 광산구 하완길 71,(지번) 수완동 363-4,http://www.instagram.com/gebob_nyeo,010-8252-2873
웅천애견카페,애견카페,전남,전남 여수시 예울마루로 37-53,(지번) 웅천동 1696-3,#none,061-692-0507
개스타그램,애견카페,경기,경기 평택시 신장로 3,(지번) 신장동 224-5,https://instagram.com/dog_stagram_cafe,031-664-0420
하루의하루,애견카페,서울,서울 구로구 가마산로 232-11,(지번) 구로동 82-7,#none,
신나개놀개,애견카페,인천,인천 미추홀구 독배로 305 이한프라자 3층,(지번) 용현동 604-5,#none,070-8882-7677
개집,애견카페,경기,경기 평택시 지산천로 10-1,(지번) 독곡동 308-2,http://www.facebook.com/애견카페-a-dog-house-개집-2173155279591900,
도그라운드,애견카페,강원,강원 강릉시 옥가로 29,(지번) 옥천동 281-4,#none,070-5017-5900
장안숲므로,애견카페,부산,부산 기장군 장안읍 방모산2길 37,(지번) 장안읍 기룡리 산 192-3,#none,051-728-7324
돌봄 불당점,애견카페,충남,충남 천안시 서북구 불당26로 161 4층,(지번) 불당동 1474,#none,041-551-7515
개톡,애견카페,부산,부산 동래구 여고로 123 1층,(지번) 사직동 158-51,http://www.instagram.com/gaetalk2795,051-503-2795
피터펫카페 서면삼정타워점,애견카페,부산,부산 부산진구 중앙대로 672 7층,(지번) 부전동 227-2,https://www.instagram.com/3jung.ptp/,051-520-3721
불도저,애견카페,서울,서울 강남구 테헤란로19길 78,(지번) 역삼동 612-3,#none,
멍박스,애견카페,서울,서울 성북구 보문로34길 39 2층,(지번) 동선동1가 48,https://blog.naver.com/tmdwo1639,
댕댕클럽,애견카페,강원,강원 강릉시 사임당로 141,(지번) 홍제동 657-4,#none,033-647-7000
고양이동산,애견카페,경기,경기 파주시 상지석안길 35,(지번) 상지석동 177-53,#none,
더베이커스더즌,애견카페,강원,강원 원주시 지정면 지정로 1393,(지번) 지정면 판대리 643-1,http://www.palaisdecharming.com,031-771-3440
보니퍼피,애견카페,경기,경기 양주시 회천남로 76 한덕타워 2층,(지번) 옥정동 963-18,#none,070-8614-0827
맘마,애견카페,서울,서울 송파구 중대로 312 1층,(지번) 오금동 95-6,https://www.instagram.com/mamma_petdining/,0507-1439-7951
퍼스펫파크,애견카페,경북,경북 칠곡군 지천면 송정수정길 28-2,(지번) 지천면 송정리 1076-2,https://instagram.com/pers_pet_park_cg,054-977-5362
멍클레르,애견카페,경기,경기 고양시 덕양구 무민로35번길 1 1층,(지번) 대자동 969-1,http://instagram.com/mungcler_dog,010-5947-0057
개편한세상,애견카페,경북,경북 포항시 북구 환호공원길 19-1,(지번) 환호동 378-16,https://www.instagram.com/dogfree.1/,010-8567-4444
행복하개키울고양 보문센터,애견카페,서울,서울 성북구 고려대로11길 24 2층,(지번) 안암동2가 81,http://haengbokcenter.modoo.at,0507-1326-3828
울루라떼,애견카페,경기,경기 용인시 처인구 모현읍 모산로 79,(지번) 모현읍 왕산리 27,http://blog.naver.com/ululatte,031-334-5950
갬성독,애견카페,강원,강원 강릉시 남부로63번길 11-20,(지번) 내곡동 396-1,#none,
샵플,애견카페,경기,경기 수원시 팔달구 정조로791번길 17 1층,(지번) 남창동 115-1,http://instagram.com/shop_ple9,
피타펫,애견카페,경기,경기 안양시 동안구 귀인로190번길 39-32,(지번) 평촌동 919-2,http://pitapet.modoo.at,
땡큐로드,애견카페,경기,경기 양주시 광적면 광적로188번길 3,(지번) 광적면 석우리 441-7,#none,031-855-4946
멍앤멍스,애견카페,경기,경기 파주시 심학산로 72,(지번) 서패동 145-1,https://www.instagram.com/meongnmeongs/,010-2931-1577
우다다애견카페,애견카페,부산,부산 북구 금곡대로 302 4층,(지번) 화명동 1469-11,http://blog.naver.com/cici9716/,051-365-7222
빌리지도그,애견카페,광주,광주 북구 양산택지로 105,(지번) 본촌동 3003,#none,062-571-7157
몽구네애견카페,애견카페,대구,대구 중구 북성로3길 55,(지번) 수창동 145-1,#none,
카페하일런,애견카페,경기,경기 여주시 세종대왕면 영릉로 489-6,(지번) 세종대왕면 왕대리 70-7,https://www.instagram.com/cafe_heilen/,
자두야놀자,애견카페,경기,경기 용인시 처인구 포곡읍 한금로 131,(지번) 포곡읍 금어리 516-1,#none,010-4875-6156
왈왈이 무실점,애견카페,강원,강원 원주시 무실본동길 44 1층,(지번) 무실동 1784-9,https://www.facebook.com/walwalmoosil,033-732-6433
개스트,애견카페,전남,전남 화순군 한천면 용암길 48-87,(지번) 한천면 금전리 302,http://instagram.com/dog.fitness.park_gaest,010-6201-8744
어도러블독,애견카페,강원,강원 홍천군 홍천읍 홍천로 491 2층,(지번) 홍천읍 갈마곡리 426-3,#none,033-433-3631
아지트,애견카페,부산,부산 중구 비프광장로 3,(지번) 부평동2가 42-3,#none,
에코독,애견카페,경기,경기 수원시 영통구 권선로908번길 3 유성빌딩 4층,(지번) 신동 936,http://blog.naver.com/eco_dog,031-206-7070
퍼피&도그애견카페,애견카페,경남,경남 창녕군 길곡면 길곡로 137,(지번) 길곡면 길곡리 1228,https://www.facebook.com/puppyanddog/,055-521-4314
바람구름,애견카페,대구,대구 남구 명덕로64길 26 1층,(지번) 이천동 197-5,#none,010-8687-7696
펫그라운드,애견카페,부산,부산 북구 만덕대로 119 1층,(지번) 덕천동 375-5,http://blog.naver.com/r882521,051-332-8060
